[
  {
    "settings": {
      "openEditInWindow": false,
      "openEditInWindow.popup": false,
      "windowPosition": {},
      "show-badge": true,
      "disableAll": false,
      "exposeIframes": false,
      "exposeStyleName": false,
      "newStyleAsUsercss": false,
      "styleViaASS": false,
      "styleViaXhr": false,
      "patchCsp": false,
      "urlInstaller": true,
      "config.autosave": true,
      "schemeSwitcher.enabled": "system",
      "schemeSwitcher.nightStart": "18:00",
      "schemeSwitcher.nightEnd": "06:00",
      "popup.enabledFirst": true,
      "popup.stylesFirst": true,
      "popup.autoResort": false,
      "popup.borders": false,
      "popup.findSort": "w",
      "manage.onlyEnabled": false,
      "manage.onlyLocal": false,
      "manage.onlyUsercss": false,
      "manage.onlyEnabled.invert": false,
      "manage.onlyLocal.invert": false,
      "manage.onlyUsercss.invert": false,
      "manage.actions.expanded": true,
      "manage.backup.expanded": true,
      "manage.filters.expanded": true,
      "manage.minColumnWidth": 750,
      "manage.newUI": true,
      "manage.newUI.favicons": true,
      "manage.newUI.faviconsGray": false,
      "manage.newUI.targets": 3,
      "manage.newUI.sort": "title,asc",
      "manage.searchMode": "meta",
      "editor.options": {},
      "editor.toc.expanded": true,
      "editor.options.expanded": true,
      "editor.lint.expanded": true,
      "editor.publish.expanded": true,
      "editor.lineWrapping": true,
      "editor.smartIndent": true,
      "editor.indentWithTabs": false,
      "editor.tabSize": 4,
      "editor.keyMap": "sublime",
      "editor.theme": "default",
      "editor.beautify": {
        "selector_separator_newline": true,
        "newline_before_open_brace": false,
        "newline_after_open_brace": true,
        "newline_between_properties": true,
        "newline_before_close_brace": true,
        "newline_between_rules": false,
        "preserve_newlines": true,
        "end_with_newline": false,
        "indent_conditional": true,
        "indent_mozdoc": true,
        "space_around_combinator": true,
        "space_around_cmp": false
      },
      "editor.beautify.hotkey": "",
      "editor.lintDelay": 300,
      "editor.linter": "csslint",
      "editor.lintReportDelay": 500,
      "editor.matchHighlight": "token",
      "editor.autoCloseBrackets": true,
      "editor.autocompleteOnTyping": true,
      "editor.contextDelete": false,
      "editor.selectByTokens": true,
      "editor.arrowKeysTraverse": true,
      "editor.appliesToLineWidget": true,
      "editor.autosaveDraft": 10,
      "editor.livePreview": true,
      "editor.livePreview.delay": 0.2,
      "editor.targetsFirst": true,
      "editor.colorpicker": true,
      "editor.colorpicker.hexUppercase": false,
      "editor.colorpicker.hotkey": "",
      "editor.colorpicker.color": "white",
      "editor.colorpicker.maxHeight": 300,
      "hotkey._execute_browser_action": "",
      "hotkey.openManage": "",
      "hotkey.styleDisableAll": "",
      "sync.enabled": "none",
      "iconset": -1,
      "badgeDisabled": "#8B0000",
      "badgeNormal": "#006666",
      "headerWidth.edit": 280,
      "headerWidth.install": 280,
      "headerWidth.manage": 280,
      "popup.search.globals": false,
      "popupWidth": 246,
      "popupWidthMax": 280,
      "updateInterval": 24,
      "updateOnlyEnabled": false
    },
    "order": {
      "main": [],
      "prio": []
    }
  },
  {
    "enabled": true,
    "installDate": 1725483412021,
    "name": "Kenmei Dark Mode",
    "sections": [
      {
        "code": ".bg-white{\n    background-color: rgb(17, 24, 39);\n}\n\n.the-dashboard[data-v-639c85e7] {\n    background-color: rgb(31, 41, 55);\n    border-radius: 30px\n}\n\n.the-dashboard-header {\n    background-color: rgb(17, 24, 39);\n    border: rgb(55, 65, 81);\n    border-top-left-radius: 30px;\n    border-top-right-radius: 30px;\n}\n\n\nfooter[data-v-c971e704] {\n    background-color: rgb(17, 24, 39);\n}\n\n.the-dashboard-footer[data-v-639c85e7] {\n    background-color: rgb(17, 24, 39);\n    border-bottom-left-radius: 15px;\n    border-bottom-right-radius: 15px;\n    border-top: none\n}\n\n.top-drawer[data-v-e1fa45af] {\n    background-color: rgb(51, 65, 85);\n    border-bottom: none;\n}\n\n.input--visible[data-v-9055045d] {\n    background: rgb(17, 24, 39);\n    border-color: rgb(17, 24, 39)\n}\n\n.mode-select-btn[data-v-a94a452b] {\n    background-color: rgb(17, 24, 39);\n    border-color: rgb(17, 24, 39);\n}\n\n.mode-select-btn[data-v-a94a452b]:hover {\n    background-color: rgb(29, 37, 54);\n}\n\n.btn--icon[data-v-ee3b4529] {\n    background: rgb(17, 24, 39);\n    border-color: rgb(17, 24, 39);\n}\n\n.text-gray-700,\n.chapter__none[data-v-b3992ff2] {\n    color: #b73c3c;;\n}\n\n/* Readable on, tags, refresh, content type */\nbutton[data-v-bf56e783]:hover,\nbutton[data-v-e31e3202]:hover {\n    color: white\n}\n\n/* \"Readable on\" dropdown */\n#radix-vue-combobox-option-30:hover,\n#radix-vue-combobox-option-32:hover,\n#radix-vue-combobox-option-34:hover,\n#radix-vue-combobox-option-36:hover,\n#radix-vue-combobox-option-38:hover {\n    background-color: rgb(55, 65, 81);\n}\n\n\n.desktop-link[data-v-15f9397e],\n.router-link-active.desktop-link[data-v-15f9397e],\n.btn--regular[data-v-139654a8], \n.btn--bell[data-v-4e08143f],\nkbd[data-v-139654a8],\n.series-link[data-v-e60ccf13],\n[type=checkbox],[type=radio],\n.link[data-v-c971e704],\n.link[data-v-c971e704]:hover,\nbutton,input,\noptgroup,\nselect,\ntextarea,\n.text-gray-400,\nbutton[data-v-bda35c80] {\n    color: white;\n}\n\n.router--wrapper[data-v-549a39cc],\n.switch[data-v-a94a452b],\n[type=text],\nbutton[data-v-bda35c80] {\n    background-color: rgb(51, 65, 85);\n}\n\n@media (min-width: 640px) {\n    .list-row__regular[data-v-df88933d]:hover {\n        --tw-bg-opacity: 1;\n        background-color: rgb(55, 65, 81);\n    }\n    \n.divide-gray-200>:not([hidden])~:not([hidden]),\n.the-dashboard[data-v-639c85e7]{\n        border: black   \n    }\n}\n\n.border-gray-300 {\n    border: solid rgb(55, 65, 81) 1px\n}\n\n.text-gray-950 {\n    color: white\n}\n\n.text-gray-500 {\n    color: white\n}\n\n.hover_bg-gray-100:hover {\n    background-color: rgb(20 33 61);\n}\n\n\n",
        "urls": [
          "https://www.kenmei.co/dashboard"
        ]
      }
    ],
    "updateDate": 1725596030687,
    "_id": "8e81bc0f-6788-4e51-b0a6-7988e9df10ab",
    "_rev": 1725596030687,
    "id": 2
  }
]