[
  {
    "settings": {
      "openEditInWindow": false,
      "openEditInWindow.popup": false,
      "windowPosition": {},
      "show-badge": true,
      "disableAll": false,
      "exposeIframes": false,
      "exposeStyleName": false,
      "newStyleAsUsercss": false,
      "styleViaASS": false,
      "styleViaXhr": false,
      "patchCsp": false,
      "urlInstaller": true,
      "config.autosave": true,
      "schemeSwitcher.enabled": "system",
      "schemeSwitcher.nightStart": "18:00",
      "schemeSwitcher.nightEnd": "06:00",
      "popup.enabledFirst": true,
      "popup.stylesFirst": true,
      "popup.autoResort": false,
      "popup.borders": false,
      "popup.findSort": "w",
      "manage.onlyEnabled": false,
      "manage.onlyLocal": false,
      "manage.onlyUsercss": false,
      "manage.onlyEnabled.invert": false,
      "manage.onlyLocal.invert": false,
      "manage.onlyUsercss.invert": false,
      "manage.actions.expanded": true,
      "manage.backup.expanded": true,
      "manage.filters.expanded": true,
      "manage.minColumnWidth": 750,
      "manage.newUI": true,
      "manage.newUI.favicons": true,
      "manage.newUI.faviconsGray": false,
      "manage.newUI.targets": 3,
      "manage.newUI.sort": "title,asc",
      "manage.searchMode": "meta",
      "editor.options": {},
      "editor.toc.expanded": true,
      "editor.options.expanded": true,
      "editor.lint.expanded": true,
      "editor.publish.expanded": true,
      "editor.lineWrapping": true,
      "editor.smartIndent": true,
      "editor.indentWithTabs": false,
      "editor.tabSize": 4,
      "editor.keyMap": "sublime",
      "editor.theme": "default",
      "editor.beautify": {
        "selector_separator_newline": true,
        "newline_before_open_brace": false,
        "newline_after_open_brace": true,
        "newline_between_properties": true,
        "newline_before_close_brace": true,
        "newline_between_rules": false,
        "preserve_newlines": true,
        "end_with_newline": false,
        "indent_conditional": true,
        "indent_mozdoc": true,
        "space_around_combinator": true,
        "space_around_cmp": false
      },
      "editor.beautify.hotkey": "",
      "editor.lintDelay": 300,
      "editor.linter": "csslint",
      "editor.lintReportDelay": 500,
      "editor.matchHighlight": "token",
      "editor.autoCloseBrackets": true,
      "editor.autocompleteOnTyping": true,
      "editor.contextDelete": false,
      "editor.selectByTokens": true,
      "editor.arrowKeysTraverse": true,
      "editor.appliesToLineWidget": true,
      "editor.autosaveDraft": 10,
      "editor.livePreview": true,
      "editor.livePreview.delay": 0.2,
      "editor.targetsFirst": true,
      "editor.colorpicker": true,
      "editor.colorpicker.hexUppercase": false,
      "editor.colorpicker.hotkey": "",
      "editor.colorpicker.color": "rgb(55, 65, 81)",
      "editor.colorpicker.maxHeight": 300,
      "hotkey._execute_browser_action": "",
      "hotkey.openManage": "",
      "hotkey.styleDisableAll": "",
      "sync.enabled": "none",
      "iconset": -1,
      "badgeDisabled": "#8B0000",
      "badgeNormal": "#006666",
      "headerWidth.edit": 280,
      "headerWidth.install": 280,
      "headerWidth.manage": 280,
      "popup.search.globals": false,
      "popupWidth": 246,
      "popupWidthMax": 280,
      "updateInterval": 24,
      "updateOnlyEnabled": false
    },
    "order": {
      "main": [],
      "prio": []
    }
  },
  {
    "enabled": true,
    "installDate": 1725598621160,
    "name": "Kenmei Dark Mode v0.1.3-Alpha",
    "sections": [
      {
        "code": "    /* Dashboard - Complete*/    \n\n    .bg-white{\n        background-color: rgb(17, 24, 39);\n        border: 1px solid rgb(20, 33, 61);\n    }\n    \n    .the-dashboard[data-v-639c85e7] {\n        background-color: rgb(31, 41, 55);\n        border-radius: 30px;\n            border: black solid 0.75px;\n    }\n    \n    .the-dashboard-header {\n        background-color: rgb(17, 24, 39);\n        border: rgb(55, 65, 81);\n        border-top-left-radius: 30px;\n        border-top-right-radius: 30px;\n    }\n    \n    \n    footer[data-v-c971e704] {\n        background-color: rgb(17, 24, 39);\n    }\n    \n    .the-dashboard-footer[data-v-639c85e7] {\n        background-color: rgb(17, 24, 39);\n        border-bottom-left-radius: 15px;\n        border-bottom-right-radius: 15px;\n        border-top: none\n    }\n\n    a[data-v-f4de5fb0],\n    .gap[data-v-f4de5fb0]{\n    background-color: rgb(31, 41, 55);\n    border: none;\n    }\n\n    a[data-v-f4de5fb0]:hover,\n    .gap[data-v-f4de5fb0]:hover {\n        background-color: rgb(51, 65, 85)\n    }\n\n    .page[data-v-f4de5fb0] {\n        color: white\n    }\n    \n    .top-drawer[data-v-e1fa45af] {\n        background-color: rgb(29, 37, 54);\n        border-bottom: none;\n    }\n    \n    .input--visible[data-v-9055045d] {\n        background: rgb(17, 24, 39);\n        border-color: rgb(17, 24, 39)\n    }\n    \n    .mode-select-btn[data-v-a94a452b] {\n        background-color: rgb(17, 24, 39);\n        border-color: rgb(17, 24, 39);\n    }\n    \n    .mode-select-btn[data-v-a94a452b]:hover {\n        background-color: rgb(29, 37, 54);\n    }\n    \n    .btn--icon[data-v-ee3b4529] {\n        background: rgb(17, 24, 39);\n        border-color: rgb(17, 24, 39);\n    }\n    \n    .chapter__none[data-v-b3992ff2] {\n        color: rgb(0, 0, 0);;\n    }\n\n    time[data-v-e60ccf13] {\n        color: rgb(173, 167, 167)   \n    }\n\n    .text-gray-950, \n    .text-gray-900,  \n    .text-gray-500, \n    .text-gray-400,\n    .text-gray-700 {\n        color: white\n    }\n\n    .series-link[data-v-e02afb31] {\n        color: white\n    }\n\n    .chapter-meta[data-v-d1b82ecc] {\n        color: rgb(173, 167, 167);\n    }\n\n    .input--visible[data-v-9055045d]:focus {\n        border: none;\n        --tw-ring-color: rgb(0, 0, 0)\n    }\n\n    .reset-button--desktop[data-v-e31e3202] {\n        color: white\n    }\n\n    .reset-button--desktop[data-v-e31e3202]:hover {\n        color: rgb(173, 167, 167)\n    }\n    \n    /* Readable on, tags, refresh, content type */\n    \n    button[data-v-bf56e783]:hover,\n    button[data-v-e31e3202]:hover {\n        color: white\n    }\n\n    .border-gray-300 {\n        border: solid rgb(55, 65, 81) 1px\n    }\n\n    .hover_bg-gray-100:hover {\n        background-color: rgb(20 33 61);\n    }\n\n    div[data-v-ee3b4529]:focus {\n        background-color: rgb(173, 167, 167)\n    }\n    \n    div[data-v-bf56e783]:hover{\n        background-color: rgb(17, 24, 39);\n    }\n\n    .router--wrapper[data-v-549a39cc],\n    .switch[data-v-a94a452b],\n    [type=text] {\n        background-color: rgb(29, 37, 54);\n    }\n    \n    @media (min-width: 640px) {\n        .list-row__regular[data-v-df88933d]:hover {\n            --tw-bg-opacity: 1;\n            background-color: rgb(55, 65, 81);\n        }\n        \n    .divide-gray-200>:not([hidden])~:not([hidden]) {\n            border: rgb(0, 0, 0)   \n        }\n    }\n\n    .bg-gray-100 {\n        background-color: rgb(17, 24, 39);\n    }\n\n    #radix-vue-tabs-68-trigger-desc{\n        background-color: rgb(31, 41, 55);\n    }\n\n    .data-\\[state\\=active\\]_bg-white[data-state=active] {\n        background-color: rgb(51, 65, 85);\n    }\n    \n    .desktop-link[data-v-15f9397e],\n    .router-link-active.desktop-link[data-v-15f9397e],\n    .btn--regular[data-v-139654a8], \n    .btn--bell[data-v-4e08143f],\n    kbd[data-v-139654a8],\n    .series-link[data-v-e60ccf13],\n    [type=checkbox],[type=radio],\n    .link[data-v-c971e704],\n    .link[data-v-c971e704]:hover,\n    button,input,\n    optgroup,\n    select,\n    textarea {\n        color: rgb(255, 255, 255);\n    }\n\n    /* Notifications - Complete */\n\n    .dropdown-wrapper[data-v-4e08143f] {\n        background-color: rgb(31, 41, 55);\n    }\n\n    h2[data-v-4e08143f] {\n        color: white\n    }\n\n    p[data-v-4e08143f] {\n        color: white\n    }\n\n    .notification-content[data-v-8bcd9c16] {\n        background-color: rgb(55, 65, 81);\n    }\n\n    button[data-v-8bcd9c16] {\n        background-color: rgb(55, 65, 81);\n    }\n\n    button[data-v-8bcd9c16]:hover {\n        background-color: rgb(173, 167, 167);\n    }\n\n    /* Profile Dropdown - Complete */\n\n    .dropdown-wrapper[data-v-15f9397e] {\n        background-color: rgb(17, 24, 39);\n    }\n\n    p[data-v-15f9397e] {\n        color: white;\n    }\n\n    .profile-link[data-v-15f9397e] {\n        color: white\n    }\n\n    div[data-v-15f9397e] > a[data-v-15f9397e]:not(:nth-child(1)):hover {\n    background-color: rgb(55, 65, 81);\n    color: white\n    }\n\n    div[data-v-15f9397e] > a[data-v-15f9397e]:hover {\n        background-color: white;\n    }\n\n    /* Search Bar - Complete */\n\n    .wrapper--search-input[data-v-c4cbb89e] {\n        padding: 0;\n    }\n\n    .modal-body[data-v-c4cbb89e] {\n        margin: 0\n    }\n\n    .panel[data-v-c4cbb89e] {\n        background-color: rgb(51, 65, 85 / var(--tw-bg-opacity))\n    }\n\n    .wrapper--search-input[data-v-c4cbb89e] {\n        background-color: rgb(17, 24, 39);\n    }\n\n    .tab[data-v-9bf67810] {\n        color: white;\n    }\n    .tab[data-v-9bf67810]:hover {\n        color: rgb(173, 167, 167)\n    }\n\n    .list--item_headline[data-v-e44231a5] {\n        color: white;\n    }\n\n    div[data-v-c4cbb89e] > a[data-v-c4cbb89e]:hover {\n        background-color: rgb(31, 41, 55)\n    }\n    \n     /* Edit Entry - Completed*/\n\n    .wrapper--title[data-v-ef8de7cf] {\n      background-color: rgb(20, 33, 61);\n        border: none\n    }\n\n    .panel[data-v-2cd0b677],\n    .actions[data-v-ef8de7cf] {\n      background-color: rgb(20, 33, 61);\n    }\n\n    .vue-number-input__input[data-v-188efc8c],\n    button[data-v-858ef1ee],\n    .list-button[data-v-858ef1ee],\n    .list-button[data-v-13b52a19] {\n        background-color: rgb(51, 65, 85);\n        border: none\n    }\n\n    .button--score {\n        border: none; \n    }\n\n    .hover_bg-gray-100:hover {\n        background-color: rgb(29, 37, 54);\n    }\n\n    .options[data-v-858ef1ee],\n    .multiselect[data-v-d228a90e] > .vs__dropdown-toggle {\n        background-color: rgb(55, 65, 81);\n        border: none\n    }\n\n    .hover_text-gray-900:hover,\n    .placeholder-tag[data-v-ef8de7cf],\n    label[data-v-0e79bcfa],\n    .label[data-v-13b52a19],\n    .label[data-v-ef8de7cf],\n    .label[data-v-858ef1ee],\n    label[data-v-51b7852a],\n    label[data-v-d228a90e],\n    div[data-v-ef8de7cf] > h1[data-v-ef8de7cf] {\n        color: white\n    }\n\n    .button--score[data-v-ef8de7cf] {\n        background-color: rgb(55, 65, 81);\n    }\n\n    #radix-vue-popover-content-225 {\n        background-color: rgb(20, 33, 61);\n        border: 1px solid rgb(51, 65, 85)\n    }\n\n    /* Report Entry - Completed*/\n\n    .list-button[data-v-13b52a19] {\n        background-color: rgb(51, 65, 85);\n    }\n\n    li[data-v-13b52a19] {\n        background-color: rgb(51, 65, 85);\n    }\n\n    li[data-v-13b52a19]:hover {\n        color: white;\n        background-color: rgb(20, 33, 61);\n    }\n\n    /* Live Notifications - Completed*/\n\n    button[data-v-bda35c80] {\n    background-color: rgb(51, 65, 85);\n    color: rgb(255, 255, 255);\n    }\n\n    /* Delete Entry - Completed*/\n\n    .modal-actions[data-v-7fb6ed76] {\n        background-color: rgb(17, 24, 39)\n    }\n\n    .btn-secondary[data-v-106a9a2b] {\n        background-color: rgb(31, 41, 55);\n        color: white;\n        border: none\n    }\n\n    .btn-secondary[data-v-106a9a2b]:hover {\n        background-color: rgb(55, 65, 81);\n        color: white;\n    }",
        "urls": [
          "https://www.kenmei.co/dashboard"
        ]
      }
    ],
    "updateDate": 1725932806598,
    "_id": "5be7d958-342c-4c6b-8442-9df7e589d001",
    "_rev": 1725932806598,
    "id": 3
  }
]